title,year,name,source
2K Boston/2K Australias BioShock,2008,Bioshock,https://www.gamasutra.com/view/feature/132168/postmortem_2k_boston2k_.php
Aaaaa A Reckless Disregard for Gravity,2010,A Reckless Disregard for Gravity,https://www.gamasutra.com/view/feature/134515/postmortem_dejobaan_games_aaaaa_.php
Activisions Heavy Gear 2,1999,Heavy Gear 2,https://www.gamasutra.com/view/feature/131814/postmortem_activisions_heavy_.php
"Amazia, a CCG for mobile",2016,Amazia,gamasutra.com/blogs/SinaShahbazi/20180401/315886/Postmortem_Amazia_a_CCG_for_mobile.php
"An indie-style experiment at a AAA studio: Insomniacs Slow Down, Bull",2015,"Slow Down, Bull",http://www.gamasutra.com/view/news/259163/An_indiestyle_experiment_at_a_AAA_studio_Insomniacs_Slow_Down_Bull.php
Angel Studios Resident Evil 2 (N64 Version),2000,Resident Evil 2 (N64),https://www.gamasutra.com/view/feature/131556/postmortem_angel_studios_.php
Another One Bites the Dust: Dynasty Feud Postmortem,2018,Dynasty Feud,https://www.gamasutra.com/blogs/JonSanchez/20170623/300333/Another_One_Bites_the_Dust_Dynasty_Feud_Postmortem.php
Appy Entertainments SpellCraft School of Magic,2012,SpellCraft School of Magic,https://www.gamasutra.com/view/feature/135047/postmortem_appy_entertainments_.php
Audio Postmortem: Scarface: The World is Yours,2007,Scarface: The World Is Yours,https://www.gamasutra.com/view/feature/130109/audio_postmortem_scarface_the_.php
AuroraBound Postmortem and Sales Figures - A Modest Part-Time Success ,2017,AuroraBound,https://gamasutra.com/blogs/DanielOByrne/20170814/303637/AuroraBound_Postmortem_and_Sales_Figures__A_Modest_PartTime_Success.php
Avalanche Studios Renegade Ops,2012,Renegade Ops,https://www.gamasutra.com/blogs/AdriaanJansen/20160905/266289/Post_Mortem_Renowned_Explorers.php
Baldurs Gate II The Anatomy of a Sequel,2001,Baldurs Gate II,https://www.gamasutra.com/view/feature/131493/baldurs_gate_ii_the_anatomy_of_a_.php
Big Huge Games Rise of Nations,2003,Rise of Nations,https://www.gamasutra.com/view/feature/131242/postmortem_big_huge_games_rise_.php
Bionic Commando Rearmed,2009,Bionic Commando Rearmed,https://www.gamasutra.com/view/feature/132305/postmortem_capcomgrins_bionic_.php
Biowares Neverwinter Nights,2002,Neverwinter Nights,https://www.gamasutra.com/view/feature/131327/postmortem_biowares_neverwinter_.php
Black Rock Studios MotoGP07,2007,MotoGP 07,https://www.gamasutra.com/view/feature/130388/postmortem_black_rock_studios_.php
Blizzards Diablo II,2000,Diablo II,https://www.gamasutra.com/view/feature/131533/postmortem_blizzards_diablo_ii.php
Blue Fangs Zoo Tycoon 2 Marine Mania,2007,Tycoon 2: Marine Mania,https://www.gamasutra.com/view/feature/130165/postmortem_blue_fangs_zoo_tycoon_.php
Blue Tongue Softwares Jurassic Park: Operation Genesis,2003,Jurassic Park: Operation Genesis,https://www.gamasutra.com/view/feature/131287/postmortem_blue_tongue_softwares_.php
Brothers in Arms Double Time,2008,Brothers in Arms,https://www.gamasutra.com/view/feature/132198/postmortem_brothers_in_arms_.php
Bungies Myth: The Fallen Lords,1998,Myth: The Fallen Lords,http://www.gamasutra.com/view/feature/131691/postmortem_bungies_myth_the_.php
Capcoms Okamiden,2011,Okamiden,https://www.gamasutra.com/view/feature/134685/postmortem_capcoms_okamiden.php
Chasing Carrots Pressure Overdrive,2018,Pressure Overdrive,https://www.gamasutra.com/blogs/PatrickTejada/20180322/315717/Postmortem_Chasing_Carrots_Pressure_Overdrive.php
Chronic Logics Gish,2004,Gish,https://www.gamasutra.com/view/feature/2176/indie_postmortem_chronic_logics_.php
Collaborating on an indie sensation - Cuphead,2018,Cuphead,https://www.gamasutra.com/blogs/PierreOlivierMace/20180410/316341/Collaborating_on_an_indie_sensation__Cuphead.php
Crystal Dynamics Tomb Raider: Underworld,2009,Tomb Raider: Underworld,http://www.gamasutra.com/view/feature/132511/postmortem_crystal_dynamics_tomb_.php
Cultist Simulator: the retrospective,2019,Cultist Simulator,https://www.gamasutra.com/blogs/LottieBevan/20180716/322016/Cultist_Simulator_the_retrospective.php
Cutler Creative Last Call,2001,Last Call,https://www.gamasutra.com/view/feature/131490/postmortem_cutler_creatives_last_.php
CyberConnect 2s Solatorobo Red the Hunter,2012,Solatorobo Red the Hunter,https://www.gamasutra.com/view/feature/135064/postmortem_cyberconnect_2s_.php
Das Geisterschiff Postmortem,2019,Das Geisterschiff,https://www.gamasutra.com/blogs/RomanusSurt/20190412/340291/Das_Geisterschiff_Postmortem.php
Deadine Games Chili Con Carnage,2006,Chili Con Carnage,https://www.gamasutra.com/view/feature/129929/postmortem_deadine_games_chili_.php
Digital Chocolate Tower Bloxx,2006,Tower Bloxx,https://www.gamasutra.com/view/feature/2753/postmortem_digital_chocolates_.php?print=1
Disney Onlines Toontown,2003,Toontown,https://www.gamasutra.com/view/feature/130440/postmortem_disney_onlines_.php
Double Fines Brütal Legend,2010,Brütal Legend,https://www.gamasutra.com/view/feature/132696/postmortem_double_fines_brutal_.php
DoubleBears Dead State,2014,Dead State,https://www.gamasutra.com/view/news/236847/Postmortem_DoubleBears_Dead_State__Controlling_scope_in_an_RPG.php
DreamForges Sanitarium,1998,Sanitarium,https://www.gamasutra.com/view/feature/131706/postmortem_dreamforges_sanitarium.php
DreamWorks Interactives Trespasser,1999,Trespasser,http://www.gamasutra.com/view/feature/131746/postmortem_dreamworks_.php
DrinkBox Studios Guacamelee!,2013,Guacamelee,https://www.gamasutra.com/view/feature/200658/postmortem_drinkbox_studios_.php
Ensemble Studios Age of Empires II: Age of Kings,2000,Age of Empires II: Age of Kings,http://www.gamasutra.com/view/feature/131844/postmortem_ensemble_studios_age_.php
Eutechnyx Big Mutha Truckers,2003,Big Mutha Truckers,https://www.gamasutra.com/view/feature/131177/postmortem_eutechnyx_big_mutha_.php?page=3
Factor 5s Star Wars Rogue Leader Rogue Squadron II,2002,Star Wars Rogue Leader Rogue Squadron II,https://www.gamasutra.com/view/feature/131402/postmortem_factor_5s_star_wars_.php
Fatsharks Warhammer: End Times - Vermintide,2016,Warhammer: End Times – Vermintide,https://gamasutra.com/view/news/284228/Postmortem_Fatsharks_Warhammer_End_Times__Vermintide.php
Fizz Factors The Incredible Hulk,2008,The Incredible Hulk,https://www.gamasutra.com/view/feature/132227/postmortem_fizz_factors_the_.php
Freeverses Marathon 2: Durandal,2007,Marathon 2: Durandal,http://www.gamasutra.com/view/feature/130732/postmortem_freeverses_marathon_.php
Freeverses Top Gun For iPhone,2009,Top Gun,https://www.gamasutra.com/view/feature/132604/postmortem_freeverses_top_gun_.php
Friends forever: The story of Sportsfriends,2014,Sportsfriends,https://www.gamasutra.com/view/feature/216912/friends_forever_the_story_of_.php
Frog Citys Trade Empires,2001,Trade Empires,https://www.gamasutra.com/view/feature/131422/postmortem_frog_citys_trade_.php
Frozenbytes Trine,2010,Trine,https://www.gamasutra.com/view/feature/134198/postmortem_frozenbytes_trine.php
Gaijin Games BIT.TRIP BEAT,2009,Bit.Trip Beat,https://www.gamasutra.com/view/feature/132432/postmortem_gaijin_games_bittrip_.php
Games Kitchens Wireless Pets,2002,Wireless Pets,https://www.gamasutra.com/view/feature/131333/postmortem_games_kitchens_.php
Gamevils Nom 2,2006,Nom 2,https://www.gamasutra.com/view/feature/130245/postmortem_gamevils_nom_2.php
Gas Powered Games Dungeon Siege,2002,Dungeon Siege,https://www.gamasutra.com/view/feature/131321/postmortem_gas_powered_games_.php
Goat Simulator,2015,Goat Simulator,gamasutra.com/blogs/ArminIbrisagic/20150220/236427/Goat_Simulator_Post_Mortem.php
Gorescript Classic,2017,Gorescript,https://www.gamasutra.com/blogs/SergiuBucur/20170322/294276/PostMortem_Gorescript_Classic.php
Hero-U: Rogue to Redemption Postmortem,2019,Hero-U: Rogue to Redemption,https://www.gamasutra.com/blogs/RobertaVaughan/20190404/340065/HeroU_Rogue_to_Redemption_Postmortem.php
High Voltage Softwares Conduit 2,2011,Conduit 2,https://www.gamasutra.com/view/feature/134786/postmortem_high_voltage_.php
Humble Hearts Dust: An Elysian Tail,2012,Dust: An Elysian Tail,http://www.gamasutra.com/view/feature/180520/postmortem_humble_hearts_dust_.php
Indie Postmortem Armadillo Run,2006,Armadillo Run,https://www.gamasutra.com/view/feature/131137/indie_postmortem_armadillo_run.php
Indie Postmortem FishEd,2006,FishEd,https://www.gamasutra.com/view/feature/130238/indie_postmortem_fished.php
Indie Postmortem Gibbage,2006,Gibbage,https://www.gamasutra.com/view/feature/131112/indie_postmortem_gibbage.php
Indigo Prophecy - The Nightmare of the Original Concept,2006,Indigo Prophecy,http://www.gamasutra.com/view/feature/131140/postmortem_indigo_prophecy.php
Intelligence Engine Design Systems City Conquest,2013,City Conquest,https://www.gamasutra.com/view/feature/186088/postmortem_intelligence_engine_.php
Intergalactic Crime Prevention Units First Year,2007,Intergalactic Crime Prevention,https://www.gamasutra.com/view/feature/130160/postmortem_intergalactic_crime_.php
Into the asylum: A postmortem of Human Head Studios Lost Within,2015,Lost Within,http://www.gamasutra.com/view/news/252242/Into_the_asylum_A_postmortem_of_Human_Head_Studios_Lost_Within.php
Ion Storms Deus Ex,2000,Deus Ex,https://www.gamasutra.com/view/feature/131523/postmortem_ion_storms_deus_ex.php
Ironclad/Stardocks Sins of a Solar Empire,2008,Sins of a Solar Empire,https://www.gamasutra.com/view/feature/132039/postmortem_ironcladstardocks_.php
Irrational Games System Shock 2,1999,System Shock 2,http://www.gamasutra.com/view/feature/131813/postmortem_irrational_games_.php
"Jetpack High sur iOs, Android et Black Berry",2014,Jetpack High,https://www.gamasutra.com/blogs/ThibautAubrun/20140925/218511/Postmortem_Jetpack_High_sur_iOs_Android_et_Black_Berry.php
Kingdoms of Amalur: Reckoning,2013,Kingdoms of Amalur: Reckoning,https://www.gamasutra.com/view/feature/197269/postmortem_kingdoms_of_amalur_.php
KleptoCats Post-mortem,2017,Kleptocats,https://www.gamasutra.com/blogs/AntonioUribe/20170329/294672/KleptoCats_Postmortem.php
Large Animals RocketBowl,2004,RocketBowl,https://www.gamasutra.com/view/feature/130746/indie_postmortem_large_animals_.php
Leaving Lyndow,2017,Leaving Lyndow,https://www.gamasutra.com/blogs/DannyWeinbaum/20170508/297229/Postmortem_Leaving_Lyndow.php
Llopis and Friginals Caseys Contraptions,2011,Caseys Contraptions,https://www.gamasutra.com/view/feature/134780/postmortem_llopis_and_friginals_.php
Lucas Arts Star Wars Starfighter,2001,Star Wars Starfighter,https://www.gamasutra.com/view/feature/131456/postmortem_lucas_arts_star_wars_.php
Magnin & Associates Skittleball,2010,Skittleball,https://www.gamasutra.com/view/feature/132724/postmortem_magnin__associates_.php
Making a Game Boy game in 2017: Sheep It Up,2017,Sheep It Up,https://www.gamasutra.com/blogs/DoctorLudos/20171207/311143/Making_a_Game_Boy_game_in_2017_A_quotSheep_It_Upquot_PostMortem_part_12.php
McMillen and Himsls The Binding of Isaac,2012,The Binding of Isaac,https://www.gamasutra.com/view/feature/182380/postmortem_mcmillen_and_himsls_.php
Mediatonics Monsters (Probably) Stole My Princess,2011,Monsters (Probably) Stole My Princess,https://www.gamasutra.com/view/feature/134680/postmortem_mediatonics_monsters_.php
Micro Forte s Fallout Tactics,2001,Fallout Tactics,https://www.gamasutra.com/view/feature/131497/postmortem_micro_forte_s_fallout_.php
Mimimis Shadow Tactics: Blades of the Shogun,2017,Shadow Tactics: Blades of the Shogun,https://www.gamasutra.com/view/news/310894/Postmortem_Mimimis_Shadow_Tactics_Blades_of_the_Shogun.php
Mind Controls Oasis,2005,Oasis,https://www.gamasutra.com/view/feature/130737/indie_postmortem_mind_controls_.php
Mode 7 Games Frozen Synapse,2012,Frozen Synapse,https://www.gamasutra.com/view/feature/134984/postmortem_mode_7_games_frozen_.php
Mommys Best Games Weapon of Choice,2009,Weapon of Choice,https://www.gamasutra.com/view/feature/132292/postmortem_mommys_best_games_.php
Monoliths No One Lives Forever,2001,No One Lives Forever,https://www.gamasutra.com/view/feature/131478/postmortem_monoliths_no_one_.php
Monoliths TRON 2.0,2003,TRON 2.0,https://www.gamasutra.com/view/feature/131219/postmortem_monoliths_tron_20.php
Monsters from the Id: The Making of Doom,2013,Doom,https://www.gamasutra.com/view/feature/198783/monsters_from_the_id_the_making_.php
MotoGP 06,2006,MotoGP 06,https://www.gamasutra.com/view/feature/130266/postmortem_motogp_06.php
Multitude Fireteam,1999,Fireteam,https://www.gamasutra.com/view/feature/131823/postmortem_multitudes_fireteam.php
Muse Games Guns of Icarus Alliance,2017,Guns of Icarus Alliance,https://gamasutra.com/view/news/298271/Postmortem_Muse_Games_Guns_of_Icarus_Alliance.php
Mythic Entertainments Dark Age of Camelot,2002,Dark Age of Camelot,https://www.gamasutra.com/view/feature/131418/postmortem_mythic_entertainments_.php
Naked Sky Entertainments RoboBlitz,2006,RoboBlitz,https://www.gamasutra.com/view/feature/130154/postmortem_naked_sky_.php
Naughty Dogs Jak and Daxter the Precursor Legacy,2001,Jak and Daxter,https://www.gamasutra.com/view/feature/131394/postmortem_naughty_dogs_jak_and_.php
Naughty Dogs Uncharted Drakes Fortune,2008,Uncharted Drakes Fortune,https://www.gamasutra.com/view/feature/132203/postmortem_naughty_dogs_.php
Nayantaras Star Chamber,2003,Star Chamber,https://www.gamasutra.com/view/feature/130567/indie_postmortem_nayantaras_star_.php
"NFL RUSH Heroes & Rivals Postmortem
",2015,NFL RUSH Heroes and Rivals,"http://www.gamasutra.com/blogs/ScottFine/20151209/261443/NFL_RUSH_Heroes__Rivals_Postmortem.php
"
Ngames Chop Suey Kung Fu,2001,Chop Suey Kung Fu,https://www.gamasutra.com/view/feature/131881/mobile_game_postmortem_ngames_.php?page=2
NinjaBees A Kingdom for Keflings,2009,A Kingdom for Keflings,https://www.gamasutra.com/view/feature/132314/postmortem_ninjabees_a_kingdom_.php
Oceanus Communications Legacy Online,2003,Legacy Online,https://www.gamasutra.com/view/feature/131217/postmortem_oceanus_.php
Operation Flashpoint,2001,Operation Flashpoint Cold War Crisis,https://www.gamasutra.com/view/feature/131427/postmortem_bohemia_interactive_.php
Out There: A Postmortem ,2015,Out There,http://www.gamasutra.com/blogs/MichaelPeiffert/20150402/240302/Out_There_A_Postmortem.php
Outrages Descent 3,1999,Descent 3,https://www.gamasutra.com/view/feature/131788/postmortem_outrages_descent_3.php?page=2
"Outrealm Post-Mortem, Part 1",2018,Outrealm,https://www.gamasutra.com/blogs/NickThandi/20180206/314372/Outrealm_PostMortem_Part_1.php
Over the Top Games NyxQuest Kindred Spirits,2010,NyxQuest Kindred Spirits,https://www.gamasutra.com/view/feature/132642/postmortem_over_the_top_games_.php
Overhaul Games Baldurs Gate Enhanced Edition,2013,Baldurs Gate Enhanced Edition,https://www.gamasutra.com/view/feature/190432/postmortem_overhaul_games_.php
Pangalores Knightly Adventure,2013,Knightly Adventure,https://www.gamasutra.com/view/feature/194432/postmortem_pangalores_knightly_.php
Pinball RPG hybrid Rollers of the Realm,2014,Rollers of the Realm,https://www.gamasutra.com/view/feature/233340/postmortem_pinballrpg_hybrid_.php?page=2
Pipeworks Softwares Deadliest Warrior,2010,Deadliest Warrior,https://www.gamasutra.com/view/feature/134573/postmortem_pipeworks_softwares_.php
Pixelogics The Italian Job,2002,The Italian Job,https://www.gamasutra.com/view/feature/131376/postmortem_pixelogics_the_.php
Pixels Pasts SCSIcide,2003,SCSIcide,https://www.gamasutra.com/view/feature/131302/postmortem_pixels_pasts_scsicide.php
PONCHO - A Postmortem,2017,PONCHO,https://www.gamasutra.com/blogs/DanHayes/20170106/288790/PONCHO__A_Postmortem.php
Poptop Software Tropico,2001,Tropico,https://www.gamasutra.com/view/feature/131440/postmortem_poptop_softwares_.php
Post mortem for Meganoid 2017,2017,Meganoid,https://www.gamasutra.com/blogs/PascalBestebroer/20170420/296438/Post_mortem_for_Meganoid_2017.php
Postcard from GDC Europe 2005: The First Generation of The Next Generation: A Project Gotham Racing 3 Postmortem,2005,Project Gotham Racing 3,https://www.gamasutra.com/view/feature/130807/postcard_from_gdc_europe_2005_the_.php
Postcard From The Montreal Game Summit: Call Of Duty 2 Postmortem,2005,Call of Duty 2,http://www.gamasutra.com/view/feature/2452/postcard_from_the_montreal_game_.php
Postmortem - Swing Racers,2015,Swing racers,http://www.gamasutra.com/blogs/CorySpooner/20151124/260239/Postmortem__Swing_Racers.php
Postmortem Ratchet & Clank (2016),2016,Ratchet & Clank,"http://www.gamasutra.com/view/news/272694/Ratchet__Clank_2016_postmortem.php
"
Postmortem Sniper Studios Crazy Taxi Fare Wars,2007,Crazy Taxi Fare Wars,https://www.gamasutra.com/view/feature/130342/postmortem_sniper_studios_crazy_.php
Postmortem: Arrowhead Game Studios Magicka,2011,Magicka,https://www.gamasutra.com/view/feature/134840/postmortem_arrowhead_game_.php
Postmortem: Deck13 Interactives Lords of the Fallen,2015,Lords of the Fallen,http://www.gamasutra.com/view/news/236275/Postmortem_Deck13_Interactives_Lords_of_the_Fallen.php
Postmortem: Defense of the Ancients,2003,DoTA,https://www.gamasutra.com/view/feature/132358/postmortem_defense_of_the_ancients.php
Postmortem: Dinosaur Polo Clubs Mini Metro,2016,Mini Metro,http://www.gamasutra.com/view/news/273284/Postmortem_Dinosaur_Polo_Clubs_Mini_Metro.php
"Postmortem: E-Line Media and Upper One Games Never Alone
",2015,Never Alone,http://www.gamasutra.com/view/news/236049/Postmortem_ELine_Media_and_Upper_One_Games_Never_Alone.php
Postmortem: Epic Games Unreal Tournament,2000,Unreal Tournament,https://www.gamasutra.com/view/feature/131569/postmortem_epic_games_unreal_.php?page=4
Postmortem: Failbetter Games Sunless Sea,2015,Sunless Sea,http://www.gamasutra.com/view/news/237657/Postmortem_Failbetter_Games_Sunless_Sea.php
Postmortem: Flippflys Race the Sun,2015,Race the Sun,http://www.gamasutra.com/view/news/264127/Postmortem_Flippflys_Race_the_Sun.php
Postmortem: HyperBole Studios The X-Files,1999,The X-Files,http://www.gamasutra.com/view/feature/131811/postmortem_hyperbole_studios_the_.php
Postmortem: Joel McDonalds Prune,2015,Prune,http://www.gamasutra.com/view/news/264930/Postmortem_Joel_McDonalds_Prune.php
Postmortem: Lionhead Studios Black & White,2001,Black & White,http://www.gamasutra.com/view/feature/131476/postmortem_lionhead_studios_.php
Postmortem: LucasLearnings Star Wars DroidWorks,1998,Star Wars DroidWorks,http://www.gamasutra.com/view/feature/131775/postmortem_lucaslearnings_star_.php
Postmortem: Monolith Productions Middle-earth: Shadow of Mordor,2015,Middle-earth: Shadow of Mordor,http://www.gamasutra.com/view/news/234421/Postmortem_Monolith_Productions_Middleearth_Shadow_of_Mordor.php
Postmortem: Moon Studios heartfelt Ori and the Blind Forest,2015,Ori and the Blind Forest,http://www.gamasutra.com/view/news/242530/Postmortem_Moon_Studios_heartfelt_Ori_and_the_Blind_Forest.php
Postmortem: Paradox Development Studios Stellaris,2016,Stellaris,"http://www.gamasutra.com/view/news/274018/Postmortem_Paradox_Development_Studios_Stellaris.php
"
Postmortem: Presto Studios Star Trek: Hidden Evil,1999,Star Trek: Hidden Evil,https://www.gamasutra.com/view/feature/131809/postmortem_presto_studios_star_.php
Postmortem: Raven Softwares Star Trek: Voyager -- Elite Force,2001,Star Trek: Voyager -- Elite Force,https://www.gamasutra.com/view/feature/131512/postmortem_raven_softwares_star_.php
Postmortem: s Early Access campaign Offworld Trading Company,2016,Offworld Trading Company,http://www.gamasutra.com/view/news/274240/Postmortem_Offworld_Trading_Companys_Early_Access_campaign.php
Postmortem: Stoic Studios The Banner Saga 2,2016,The Banner Saga 2,http://www.gamasutra.com/view/news/274238/Postmortem_Stoic_Studios_The_Banner_Saga_2.php
Postmortem: Westwood Studios Command and Conquer: Tiberian Sun,2000,Command and Conquer: Tiberian Sun,https://www.gamasutra.com/view/feature/131595/postmortem_westwood_studios_.php
Prestos Whacked!,2002,Whacked,https://www.gamasutra.com/view/feature/131337/postmortem_prestos_whacked.php
Pseudo Interactives Cel Damage,2002,Cel Damage,https://www.gamasutra.com/view/feature/131416/postmortem_pseudo_interactives_.php
Q-Games Pixeljunk 4am,2013,Pixeljunk 4am,http://www.gamasutra.com/view/feature/189359/postmortem_qgames_pixeljunk_4am.php
Raven Softwares Heretic II,1999,Heretic II,https://www.gamasutra.com/view/feature/131748/postmortem_raven_softwares_.php
Raven Softwares Soldier of Fortune,2000,Soldier of Fortune,https://www.gamasutra.com/view/feature/131541/postmortem_raven_softwares_.php
Realtime Worlds Crackdown,2009,Crackdown,https://www.gamasutra.com/view/feature/132515/postmortem_realtime_worlds_.php
Red Skies,2016,Red Skies,http://www.gamasutra.com/blogs/GrhyllJDD/20160518/272962/PostMortem_Red_Skies.php
Redstorms Rainbow Six,2000,Rainbow Six,http://www.gamasutra.com/view/feature/131829/postmortem_redstorms_rainbow_six.php
Reflexives Wik & The Fable Of Souls,2005,Wik & The Fable Of Souls,https://www.gamasutra.com/view/feature/130612/indie_postmortem_reflexives_wik_.php
Renowned Explorers,2016,Renowned Explorers,https://www.gamasutra.com/blogs/AdriaanJansen/20160905/266289/Post_Mortem_Renowned_Explorers.php
Resident Evil 4,2013,Resident Evil 4,https://www.gamasutra.com/view/feature/195143/postmortem_resident_evil_4.php
Ritual Entertainments Heavy Metal: F.A.K.K. 2,2000,Heavy Metal: F.A.K.K. 2,https://www.gamasutra.com/view/feature/131520/postmortem_ritual_entertainments_.php
Ritual Entertainments Sin,1999,Sin,https://www.gamasutra.com/view/feature/131727/postmortem_ritual_entertainments_.php
Robothorium Post Mortem,2019,Robothorium,https://www.gamasutra.com/blogs/YannickElahee/20190221/337113/Robothorium_Post_Mortem.php
Ronimo Games Swords & Soldiers,2010,Swords & Soldiers,https://www.gamasutra.com/view/feature/132618/postmortem_ronimo_games_swords__.php
Rpublique,2016,Republique,http://www.gamasutra.com/view/news/269970/Postmortem_Bringing_Camouflajs_Rpublique_to_PlayStation_4.php
Saber Interactives TimeShift,2008,TimeShift,https://www.gamasutra.com/view/feature/132007/postmortem_saber_interactives_.php
SCEEs WipEout Pure,1999,WipEout Pure,https://www.gamasutra.com/view/feature/130809/postcard_from_gdc_europe_2005_.php
Sega/Other Oceans Super Monkey Ball 2,2010,Super Monkey Ball 2,https://www.gamasutra.com/view/feature/132676/postmortem_segaother_oceans_.php
Shiny Entertainments Wild 9,1998,Wild 9,https://www.gamasutra.com/view/feature/131824/postmortem_shiny_entertainments_.php
Sierra Studios Gabriel Knight 3,2000,Gabriel Knight 3,http://www.gamasutra.com/view/feature/131536/postmortem_sierra_studios_.php
Sierras SWAT3 Close Quarters Battle,1999,SWAT3 Close Quarters Battle,https://www.gamasutra.com/view/feature/131843/postmortem_sierras_swat3_close_.php
Smudged Cat Games The Adventures Of Shuggy,2011,The Adventures Of Shuggy,https://www.gamasutra.com/view/feature/134866/postmortem_smudged_cat_games_the_.php
Sony Bend Studios Uncharted: Golden Abyss,2012,Uncharted: Golden Abyss,https://www.gamasutra.com/view/feature/181082/postmortem_sony_bend_studios_.php
Sony Santa Monicas God of War: Ascension,2013,God of War: Ascension,tehttps://www.gamasutra.com/view/feature/193695/postmortem__sony_santa_monicas_.phpst
SSIs Dark Sun Online: Crimson Sands,1997,Dark Sun Online,http://www.gamasutra.com/view/feature/3235/postmortem_ssis_dark_sun_online_.php
Stardock and Oxide Games Ashes of the Singularity,2015,Ashes of the Singularity,gamasutra.com/view/news/270965/Postmortem_Stardock_and_Oxide_Games_Ashes_of_the_Singularity.php
Stardock Entertainment and Ironclad Games Sins of a Solar Empire: Rebellion,2012,Sins of a Solar Empire: Rebellion,https://www.gamasutra.com/view/feature/179030/postmortem_stardock_entertainment_.php
Stardocks Galactic Civilizations,2003,Galactic Civilizations,https://www.gamasutra.com/view/feature/131271/postmortem_stardocks_galactic_.php
Stardocks Galactic Civilizations 2: Dread Lords,2006,Galactic Civilizations 2: Dread Lords,http://www.gamasutra.com/view/feature/131062/postmortem_stardocks_galactic_.php
Stardocks The Political Machine,2004,The Political Machine,https://www.gamasutra.com/view/feature/130560/postmortem_stardocks_the_.php
Starting From Scratch: Haemimont Games Tropico 5 postmortem,2014,Tropico 5,https://www.gamasutra.com/view/news/237667/Starting_From_Scratch_Haemimont_Games_Tropico_5_postmortem.php
Startopia,2001,Startopia,https://www.gamasutra.com/view/feature/131436/postmortem_startopia.php
State of Plays Lume,2012,Lume,https://www.gamasutra.com/view/feature/181503/postmortem_state_of_plays_lume.php
Student Postmortem: 6mSofts Romeo and Juliet,2005,Romeo and Juliet,http://gamasutra.com/view/feature/130607/student_postmortem_6msofts_romeo_.php
Surreal Software Drakan Order of the Flame,1999,Drakan: Order of the Flame,https://www.gamasutra.com/view/feature/131586/postmortem_surreal_softwares_.php
Team Meats Super Meat Boy,2011,Super Meat Boy,https://www.gamasutra.com/view/feature/134717/postmortem_team_meats_super_meat_.php
The Adventure Behind The Gallery: Call of the Starseed,2017,The Gallery: Call of the Starseed,https://www.gamasutra.com/blogs/DennyUnger/20170410/295703/The_Adventure_Behind_The_Gallery_Call_of_the_Starseed.php
The Chinese Rooms Amnesia: A Machine for Pigs,2014,Amnesia: A Machine for Pigs,https://www.gamasutra.com/view/feature/218372/postmortem_the_chinese_rooms_.php
The Game Design of SurrealsThe Suffering,2004,The Suffering,https://www.gamasutra.com/view/feature/130523/postmortem_the_game_design_of_.php
The totalitarian puzzle-platformer Black The Fall,2017,Black The Fall,https://gamasutra.com/view/news/307674/Postmortem_The_totalitarian_puzzleplatformer_Black_The_Fall.php
Thief: The Dark Project,1999,Thief: The Dark Project,http://www.gamasutra.com/view/feature/131762/postmortem_thief_the_dark_project.php
Tom Clancys Splinter Cell,2003,Splinter Cell,https://www.gamasutra.com/view/feature/131239/postmortem_tom_clancys_splinter_.php
Torus Games Scooby-Doo! First Frights,2010,Scooby-Doo! First Frights,https://www.gamasutra.com/view/feature/132630/postmortem_torus_games_.php
Treyarchs 2002 hit Spider-Man,2013,Spider-Man,https://www.gamasutra.com/view/feature/194852/postmortem_treyarchs_2002_hit_.php
Treyarchs Draconus,2000,Draconus,https://www.gamasutra.com/view/feature/131547/postmortem_treyarchs_draconus.php
Treyarchs Tony Hawks Pro Skater (Dreamcast Version),2000,Tony Hawk Pro Skater (Dreamcast),https://www.gamasutra.com/view/feature/131563/postmortem_treyarchs_tony_hawks_.php
Twisted Pixels Splosion Man,2009,Splosion Man,https://www.gamasutra.com/view/feature/132593/postmortem_twisted_pixels_.php
Ty the Tasmanian Tiger 2 for the Younger Market,2005,Tasmanian Tiger 2,https://www.gamasutra.com/view/feature/130600/shaping_ty_the_tasmanian_tiger_2_.php
Ubi Soft China Music Up Summer Rainbow,2002,Music Up,https://www.gamasutra.com/view/feature/131370/postmortem_ubi_soft_chinas_music_.php
Unknown Worlds Entertainments Natural Selection 2,2013,Natural Selection 2,https://www.gamasutra.com/view/feature/187299/postmortem_unknown_worlds_.php
Valuable but not profitable: Garden Wars Postmortem,2017,Garden Wars,https://www.gamasutra.com/blogs/CorySpooner/20170321/292481/Valuable_but_not_profitable_Garden_Wars_Postmortem.php
Vampire The Masquerade Redemption,2000,Vampire The Masquerade,https://www.gamasutra.com/view/feature/131555/nihilistic_softwares_vampire_the_.php
Vanishing Point Postmortem,2015,Vanishing Point,http://www.gamasutra.com/blogs/KevinWong/20150520/243620/Vanishing_Point_Postmortem.php
Vector Units Riptide GP,2011,Riptide GP,https://www.gamasutra.com/view/feature/134849/postmortem_vector_units_riptide_.php
Vicious Cycle Softwares Dead Head Fred,2007,Dead Head Fred,https://www.gamasutra.com/view/feature/130422/postmortem_vicious_cycle_.php?page=3
Vicious Cycles Matt Hazard: Blood Bath and Beyond,2010,Matt Hazard: Blood Bath and Beyond,https://www.gamasutra.com/view/feature/132650/postmortem_vicious_cycles_matt_.php
Wadjet Eyes The Blackwell Convergence,2009,The Blackwell Convergence,https://www.gamasutra.com/view/feature/132576/postmortem_wadjet_eyes_the_.php
WayForwards A Boy and His Blob,2010,A Boy and His Blob,https://www.gamasutra.com/view/feature/132659/postmortem_wayforwards_a_boy_and_.php
Wideload Games Stubbs the Zombie,2006,Stubbs the Zombie,https://www.gamasutra.com/view/feature/130263/postmortem_wideload_games_stubbs_.php?page=5
Wolverine Studios Total Pro Golf 2,2007,Total Pro Golf 2,https://www.gamasutra.com/view/feature/129951/indie_postmortem_wolverine_.php
Zachtronics Industries SpaceChem,2012,SpaceChem,https://www.gamasutra.com/view/feature/172250/postmortem_zachtronics_.php
Zombie SpecOps Rangers Lead the Way,1999,SpecOps: Rangers Lead the Way,https://www.gamasutra.com/view/feature/131832/postmortem_zombies_specops_.php
